Road_Name,Road_Number
AXLING RD,36130
AXLUND RD,36030
AXTON RD E,53680
AXTON RD W,73680
AZURE WY (PARADISE LKS),88490
BADGER RD E,62780
BADGER RD W,32780
BAHER RD,9220
BAKER AV,10810
BAKER LK RD,87000
BAKERVIEW RD E,75010
BAKERVIEW RD W (W OF I-5),71600
BANCROFT RD,70450
BARNHART RD,35760
BARR RD (N OF MOUNTAIN VIEW RD),20892
BARR RD (S OF UNICK-TO DOUGLAS),20891
BARTLETT CT,58660
BARTLETT LN (N OFF E BARTLETT),58670
BARTLETT RD E,58700
BARTLETT RD W,78700
BASS ST,41000
BAY CIRCLE,26790
BAY LN,12400
BAY PL (KEL BAY),13380
BAY RD,23500
BAY SHORE DR (KEL BAY),13100
BAY ST (KEL BAY),13470
BAY ST (LUMMI ISLAND),10690
BAY VIEW DR,9950
BAYON RD,72000
BAYSHORE DR (HARBORVIEW),26187
BAYVIEW DR (KEL BAY),13720
BAYVUE RD,25210
BEACH AVE (LUMMI ISLAND),10740
BEACH LN (SANDY PT),14880
BEACH PL (KEL BAY),13710
BEACH ROCK LOOP,22490
BEACH WY (NEPTUNE BEACH),15000
BEACH WY S (NEPTUNE BEACH),15010
BEACHWAY DR (BIRCH BAY),25900
BEAR TRAP RD,8560
BEARD RD,56760
BEAVER CT (PARADISE LKS),88370
BEAVER PL (GLENHAVEN),43041
BEAZER CT (TWEED TWENTY),46532
BEAZER RD (TWEED TWENTY),46513
BEEBE RD,58850
BEECH PL (PARADISE LKS),88810
BEECHER AV,45770
BEHME RD,32380
BELFERN DR,73090
BELL CREEK RD,89470
BELL CT (PARADISE LKS),89020
BELLAIRE DR,73010
BELLAIRE WY,73100
BELLINGER RD,55860
BELLWOOD DR (PARADISE LKS),87880
BENDER RD,60890
BENNETT DR,71070
BENNETT RD,40900
BENSON RD,8850
BENSON RD,60610
BENTON CT,40930
BERTHUSEN RD,65600
BERTRAND DR,33230
BEST RD,33240
BIRCH BAY DR,20010
BIRCH BAY LYNDEN RD,21580
BIRCH DR,23680
BIRCH POINT LOOP,20040
BIRCH POINT RD,20050
BIRCH ST,9860
BIRCH TERRACE CT,26410
BIRCH TERRACE DR (W OFF PERCIE RD),26380
BIRCH TERRACE LN,26360
BIRCH TERRACE PL,26390
BISHOP RD,67780
BISSET RD,65630
BLACK MT LN,88310
BLACKFOOT PL (PARADISE LKS),88170
BLIZARD RD (E OF TUTTLE),11541
BLIZARD RD (E OF W SHORE DR),11542
BLOOM RD,61550
BLOOR ST,41050
BLUE CANYON RD,45330
BLUE WATER WY,41170
BLUEBELL CT (PARADISE LKS),88390
BLUEBELL PL (PARADISE LKS),87970
BOB HALL RD,33050
BOBLETT RD,34540
BOUNDARY BAY RD,8830
BOUNDARY RD E,60541
BOUNDARY RD E,60542
BOUNDARY RD W,35670
BOURNE ST (GLACIER),89890
BOWEN RD,67410
BOWMAN RD,88910
BOYER RD,55890
BOYNTON RD,14040
BRADLEY LN,74040
BRAKER WY,76690
BRECKENRIDGE RD,66580
BREEZE LOOP,26170
BRENT LN,58690
BRIDGE WY,26290
BRITISH COLUMBIA AV,60200
BRITISH COLUMBIA WY,9530
BRITTON CI,46520
BRITTON CT,46450
BRITTON LOOP,46420
BRITTON RD,46410
BROOK LN (GLENHAVEN),43043
BROOKEDGE CT,46850
BROOKVIEW CT,45610
BROOKVIEW PL,45600
BROOKWOOD DR,31000
BROWN RD,22242
BROWN RD (W OF JACKSON),22241
BROWNSVILLE DR (BROWNSVILLE),46591
BROWNSVILLE PL (BROWNSVILLE),46596
BRUCE RD,23940
BUCKENMEYER LN,89590
BURBANK CRESCENT (HARBORVIEW),26185
BURK RD,35400
BURNHAM DR,73700
BURNS WY,9130
BYERS RD,73030
BYLSMA RD,59160
CABLE ST,44160
CABRANT RD,66340
CAGEY RD,13900
CAIN LK RD,44080
CAIN LK RD NE,45100
CALGARY WY,9470
CALHOUN DR,8290
CALIFORNIA TRL,26260
CAMP 2 RD,42990
CAMPERS CORNER (PARADISE LKS),88080
CANOE CT,23523
CANTERBURY LN,74030
CANYON CT (GLACIER SPRINGS),85016
CANYON VIEW DR (GLACIER SPRINGS),85014
CARL RD,55074
CARON RD,66570
CARSTAN LOOP,89690
CARY LN,23160
CASEY RD,25090
CASEY RD,89620
CATALINA CT (HARBORVIEW),26184
CEDAR ACRES,41790
CEDAR ACRES (TO THE SOUTH),41800
CEDAR AV (LUMMI ISLAND),10640
CEDAR AVE (BIRCH BAY),25610
CEDAR CREEK LN,40850
CEDAR HILLS AV,45570
CEDAR HILLS CT,45520
CEDAR LN (GLENHAVEN),43042
CEDAR LN (PARADISE LKS),88570
CEDAR PARK DR,8800
CEDAR PARK DR N,8820
CEDAR PL (LUMMI ISLAND),12070
CEDAR PT AV,8810
CEDAR ST,9900
CEDAR ST,25960
CEDAR WY,25460
CEDARBROOK CT,45440
CEDARBROOK CT W,45460
CEDARVILLE RD,56110
CEDARWOOD AV,71090
CEDARWOOD PL (OFF BROOKWOOD DR),31020
CEMENT PLANT RD,71080
CENTENNIAL PL,9100
CENTERVIEW RD (LUMMI ISLAND),11440
CENTRAL AV (GLACIER),89960
CENTRAL RD,56800
CHANCE RD,55330
CHAREL DR,25150
CHASTEEN RD,56450
CHATEAU RD (PARADISE LKS),88010
CHERRY LN,46190
CHERRY LN (PARADISE LKS),88580
CHERRY TREE LN,25320
CHERRYWOOD AV,71400
CHERYL CT (PARADISE PARK),76217
CHESTNUT CT (DEER CREEK),73416
CHESTNUT DR (PARADISE LKS),88320
CHIEF MARTIN RD,14110
CHISHOLM TRAIL (PARADISE LKS),88050
CHRISTIAN WY,40840
CHUCKANUT LN,40730
CHUCKANUT PT RD,40460
CHUCKANUT SHORE RD,40670
CHURCH RD,21310
CHURCH RD (ACME),89170
CHURCH RD S,20520
CHURCHILL DR,31970
CIMARRON WY (PARADISE LKS),87680
CINDY LN (BROWNSVILLE),46592
CIRCLE ST,10580
CLAIRE LN,8610
CLAMDIGGER DR,23517
CLARKSON LN,76500
CLAY RD,61930
CLEARBROOK RD,63520
CLIFF RD,9500
CLIFFSIDE DR,8530
CLIFFSIDE DR,70760
CLIFFSIDE DR E,70800
CLIPPER RD,89410
COAL CREEK RD,89950
COASTAL LOOP,22500
COBBLE WY,14890
COLBY CT N,40910
COLBY CT S,40920
COLE RD,65560
COLLEEN CT (GLACIER SPRINGS),85021
COLONY CT,25000
COLUMBIA CRESCENT,8900
COLUMBIA VISTA,8920
COLUMBUS AV,46131
COMFORT LN,24780
CONCHMAN RD,67950
CONIFER DR,30840
CONSTITUTION RD (LUMMI ISLAND),11300
CORDERO DR,45820
CORNELL CREEK RD,89780
CORONADO AV,46110
COTTONWOOD AV (E OF BENNETT DR),71130
COTTONWOOD CT,24640
COTTONWOOD DR (BIRCH BAY DR),24550
COTTONWOOD PL (OFF COTTONWOOD AV),71200
COUNTRY LN,72220
COVE AV (LUMMI ISLAND),10870
COVE RD,40350
CRAPE RD,63750
CREASY RD (E OF PORTAL WY),24422
CREASY RD (I-5 TO STEIN),24423
CREASY RD (W OF VALLEY VIEW),24421
CRESCENT ST,45620
CREST DR,34730
CRESTVIEW RD,31440
CRONK RD,89230
CRYSTAL BEACH RD,8650
CULP CT RD,9120
CURTIS RD,72570
CUSTER SCHOOL RD,24310
CYPRESS DR,73110
CYPRUS WY (SANDY PT HTS),15725
DAHLBERG RD,30750
DANA CIRCLE,10970
DARCY CT,46509
DARDU RD (PARADISE LKS),88001
DAVIT CT,23130
DEAL RD,89300
DEAN DR,31190
DEARBORN AV,26820
DECATUR DR (SANDY PT HTS),15728
DEER CREEK DR (DEER CREEK),73411
DEER RD,8750
DEER TRAIL,25350
DEERHAVEN LN (GLENHAVEN),43017
DEETER RD,67180
DEL BONITA CT (TWEED TWENTY),46582
DEL BONITA WY (TWEED TWENTY),46517
DELANO WY,9420
DELTA LINE RD (E OFF VISTA DR),21313
DELTA LINE RD (N OF B BAY LYNDEN),30892
DELTA LINE RD (S OF ZELL),30891
DEMING RD,68600
DEMOCRAT ST,41040
DEPOT RD,60750
DERBY AV,9920
DESMOND ST,45750
DEWEY RD,55170
DIAMOND LOOP (EMERALD LK),46714
DIANE CIRCLE,9930
DINKEL RD,55570
D'LINDA ST (TWEED TWENTY),46528
DOGWOOD WY,9340
DOLPHIN PL,40300
DOLPHIN WY (PARADISE LKS),88380
DONALD AV,46360
DONALD WY,25270
DONDEE CT,45550
DONEGAL DR N,9250
DORAN RD,88940
DOROTHY WY,12240
DORY CT,23519
DOUBLE DITCH RD,60350
DOUGLAS AV (W OFF YEW),40880
DOUGLAS RD,21000
DRAKE AVE,9760
DRAYTON HARBOR RD,20350
DUTCH HAVEN DR,76650
E BUENA (VISTA LAMONTE),58715
E DEL RAY (VISTA LAMONTE),58717
E PRAIRIE RD,60440
EAGLERIDGE DR,46370
EAGLERIDGE WY,46380
EASON RD,89670
EAST 16TH PL,46570
EAST RD,55870
EAST ST,26250
EASTWOOD RD,89640
EBERLY RD,55820
ECHO LN (GLENHAVEN),43016
EDGEFIELD DR,40960
EDGEWATER LN,46650
EDWARDS DR,8222
EDWARDS DR (E OF MARINE),8221
EL CAMINO (VISTA LAMONTE),58712
EL CAMINO WY (VISTA LAMONTE),58713
ELDER RD,20410
ELDERBERRY LN,25180
ELIZABETH DR,9150
ELK RD,22900
ELLIS AV,66050
ELM CRCL (PARADISE LKS),88960
ELM CT (DEER CREEK),73414
ELM ST,8270
ELMONT CT,41011
ELMWOOD DR,26750
EMERALD LAKE WY (EMERALD LK),46711
EMERY RD,31470
EMMA RD,12640
EMMERSON RD,65710
ENTERPRISE RD,32990
ENTERPRISE RD N,32980
ENTERPRISE RD N,32980
ESPANA PL,71170
ETHAN CT,46470
EUCLID AV,45650
EVERETT RD,23850
EVERGREEN WY,9190
EVERS CT (PARADISE LKS),88480
EVERSON GOSHEN RD,55230
FAIRVIEW ST,46050
FARIS RD,22980
FARM DR,31450
FAWN CRESCENT RD,25410
FAZON RD,56150
FERN ST,25660
FERNDALE RD,12800
FINKBONNER RD,12550
FINSRUD RD,68632
FINSRUD RD (N OFF DEMING),68631
FIR LN (GLENHAVEN),43019
FIR LN (PARADISE LKS),88540
FIR ST,9940
FIR ST,25820
FIR TREE WY (W OF GENEVA ST),45801
FIR WY,25440
FIRDALE WY,31010
FIRMEADOW CT,31030
FIRST ST,69010
FIRWOOD DR,30860
FLANNEGAN RD,63660
FLEET RD,26240
FLYNN RD,31630
FOREST CT,71460
FOREST LN,71440
FOREST ST (GLACIER),89970
FOREST ST (MAPLE FALLS),89790
FORSBERG RD,24880
FORT BELLINGHAM RD,70570
FORTUNE LN,35250
FOUNTAIN RD,56790
FOURTH ST,24250
FOX HOLE RD,8550
FOX RD,22920
FREMONT ST,45740
FRIDAY CR RD,41670
FROBERG RD,35830
FROST RD,68130
GABRIOLA CT,45840
GADWA RD,30350
GALA CT (BROWNSVILLE),46593
GALA LOOP (BROWNSVILLE),46594
GALBRAITH LN (N OFF SAMISH),41290
GALBRAITH LN N,41300
GALBRAITH RD,89120
GALIANO DR (SANDY PT HTS),15712
GARRISON RD,62210
GARRISON RD,62211
GARTH RD,9960
GENEVA HILLS RD,45640
GENEVA ST,45970
GEORGE RD,9180
GEORGE CT,65250
GEORGIA WY,9360
GEORGIAN DR,15500
GERARD DR,73490
GERMAINE RD,14900
GILES RD,32110
GILLIES RD,66710
GILMORE RD,66420
GINKGO DR (PARADISE LKS),89050
GLACIER CT (GLACIER SPRINGS),85013
GLACIER SPRINGS DR (GLACIER SPRINGS),85011
GLEN COVE LN,45660
GLENDALE DR (HARBORVIEW),26186
GLENDALE RD (S OF BADGER RD W),33130
GLENHAVEN DR (GLENHAVEN),43018
GLORIA LN,42600
GOLDEN CT,46400
GOLDEN VALLEY DR (PARADISE LKS),88330
GOLDENBROOK WY (FUTURE CONST),26130
GOLF VIEW DR,58900
GOODMAN RD,12600
GOODWIN RD,66250
GOOSEBERRY SPUR,12740
GOSHEN RD,56140
GOVERNOR PL,40750
GOVERNOR RD,40790
GRAFTON ST,26800
GRALER PL,11960
GRANADA WY,71140
GRAND BLVD,46170
GRANDVIEW PL,30720
GRANDVIEW RD,22210
GRANGER WY,11410
GRAVELINE RD,73070
GREEN ST,45760
GREENVILLE CT (TWEED TWENTY),46524
GREENVILLE DR (TWEED TWENTY),46522
GREENVILLE PL (TWEED TWENTY),46523
GREENVILLE ST (TWEED TWENTY),46526
GREENWOOD DR,9210
GRIFFITH AV,70340
GROUSE CRESCENT,25290
GROVE RD,12580
GUEMES WY (SANDY PT HTS),15715
GULF RD,2400
GULF RD,21910
H ST RD,11000
HACKETT RD,55610
HAGGIN RD,46510
HALES PASSAGE DR,10320
HALIBUT DR,23520
HALL RD,26660
HALVERSTICK RD,62180
HAM RD,23830
HAMMER RD,62270
HAMPTON RD,61700
HANNAH CT,46810
HANNEGAN RD,55110
HARBOR CT,34710
HARBOR DR,26230
HARBOR LN (KEL BAY),13480
HARBOR PL (KEL BAY),13630
HARBOR PL (OFF CALIFORNIA TRL),13630
HARBOR SEAL DR,26280
HARBORVIEW CONNECTOR,8230
HARBORVIEW DR (S OF H ST),26430
HARBORVIEW RD,34760
HARBORVIEW RD,26420
HARKSELL RD,30960
HARMONY RD,55720
HARMONY ROSE LN,15050
HARNDEN RD,14200
HARVEY RD,34480
HATCHERY RD,89610
HATLEY RD,25100
HAVEMAN RD,61500
HAWTHORNE PL (PARADISE LKS),88860
HAXTON WY,12750
HAYNIE RD,35220
HAZEL CT (DEER CREEK),73412
HAZEL CT (PARADISE LKS),88520
HAZEL LN,25580
HEADY RD,88300
HEATHER WY,9090
HEL-LYN PL,46430
HELWEG LN,22400
HELWEG RD,22600
HEMLOCK WY (GLENHAVEN),43027
HEMMI RD E,56320
HEMMI RD W,76320
HENDERSON RD,47200
HENLEY ST (AT FORSBERG),24930
HENLEY ST (NW OFF HARBORVIEW),24790
HENRY RD,21980
HERITAGE HILLS CT (TWEED TWENTY),46535
HERON LN,68026
HEWLETT CT,41012
HIDDEN PL,46540
HIGH BLUFF DR,8640
HIGHLAND DR,8520
HIGHLAND DR,23540
HILINE RD,40620
HILL RD,67420
HILL SPRING RD (TWEED TWENTY),46521
HILLAIRE RD,16000
HILLARD RD,68670
HILLSDALE RD,46560
HILLSIDE RD,89630
HILLTOP DR (GLENHAVEN),43024
HILLVIEW RD,67550
HILLVUE RD,25260
HINKLEY ST,24730
HOFF RD,72050
HOFF RD E,65140
HOIER RD,34490
HOLEMAN AV,22340
HOLLINGSWORTH RD,89190
HOLLY CT (TWEED TWENTY),46518
HOLLY LN (OFF SKYLINE),34570
HOLLY LN (PARADISE LKS),88410
HOLLYWOOD AV,71230
HOLMES RD,89180
HOLMQUIST RD,62430
HOLTZHEIMER TRL,26320
HOLZ RD,59290
HOMESTEADER RD,89340
HOPEWELL RD,65500
HORTON RD,54600
HOVANDER RD,73340
HOVEL RD,66620
HOWARD AV,70370
HOYT RD,26700
HUDSON LN (DEER CREEK),73413
HUDSON RD,89250
HUGHES RD,65740
HUISMAN RD,59000
HUMMINGBIRD PL,10360
HUNTLEY RD,55460
ILLINOIS ST W,72040
IMHOF RD,20610
INNIS CREEK RD,88850
IOWA HGTS RD,45210
IRIS BLVD,9010
IRVING WY,70520
ISLAND DR (LUMMI ISLAND),10960
ISLAND VIEW DR,70250
ISLAND VIEW LN (LUMMI ISLAND),12090
IVY CT (PARADISE LKS),88860
JACKMAN RD,36250
JACKSON RD,21950
JADE PL (EMERALD LK),46715
JAMES RD,2020
JAMES RD,89460
JAMISON ST,10510
JASPER PL (EMERALD LK),46713
JENSEN RD,47130
JESS RD,32920
JILL ST,22410
JOANS LN (LUMMI ISLAND),11140
JOHNSON RD,2030
JONES LN,72150
JONES RD,68020
JONNA DR,8950
JUDY WY,73420
JUNIPER LN (PARADISE LKS),88450
JUNIPER PL (PARADISE LKS),88800
KAAS RD,30400
KAITLYN CT,73040
KALE LN,73080
KAMM RD,61780
KARBER RD,22550
KAREN ST (DEMING),69110
KELBAY AV (KEL BAY),13150
KELLY RD,55500
KENDOR RD,8590
KENDRA CT (GLACIER SPRINGS),85022
KENNEDY RD,9160
KENT DR,73530
KEY PL (GLENHAVEN),43045
KEY ST,23820
KEYSTONE WY,46260
KICKERVILLE RD,21850
KILARNEY PL,9260
KIMBERLY RD,9480
KING MTN RD N (OFF KLINE RD),54630
KING TUT RD,76720
KINGSWOOD CT,46860
KIOWA CUT (PARADISE LKS),88040
KLINE RD,54660
KNORR CT,23120
KOEHN RD,22200
KOPE RD,72540
KRAGT RD,62010
KWINA RD,16010
LA BELLO DR (VISTA LAMONTE),58711
LA MONTE DR (VISTA LAMONTE),58718
LAHTI CT (TWEED TWENTY),46534
LAHTI DR (TWEED TWENTY),46511
LAINE CT,73570
LAKE LOUISE RD,46010
LAKE SAMISH DR E,41750
LAKE SAMISH DR N,44170
LAKE SAMISH DR W,44020
LAKE TERRELL RD,15600
LAKE WHATCOM BLVD,44120
LAKEMONT RD,46490
LAKEPOINT PL (GLENHAVEN),43015
LAKESIDE DR (GLENHAVEN),43012
LAKEVIEW ST,45710
LAKEWAY DR,45690
LAKEWOOD LN,45810
LAMPMAN RD,20530
LANE SPIT DR,12160
LANGARA CI,45830
LANGE RD,73500
LANKHAAR RD,59050
LARGAUD DR,8350
LARIAT PL,88260
LARSON RD (E OF NORTHWEST),73541
LARSON RD (W OF SR 539),73542
SMITH RD E,55080
SMITH RD W,75080
SMOKEHOUSE RD,13000
SOLE WY,23521
SOMMERSET CT (TWEED TWENTY),46527
SORENSON RD,66640
SOUNDVIEW RD,40540
SOUTH BAY DR,44130
SOUTH BEACH RD,8160
SOUTH HILLS DR,40950
SOUTH HILLS PL,40970
SOUTH PASS RD,66040
SOUTH RED RIVER RD,16400
SOUTHGATE RD (GEORGIA MANOR),12890
SOUTHWELL RD,62350
SPRING COULEE RD (TWEED TWENTY),46514
SPRING ST,45880
SPRINGFIELD CT N,41020
SPRINGFIELD CT S,40990
SPRUCE CT (PARADISE LKS),88930
SPRUCE LN (GLENHAVEN),43028
SQUALICUM LK RD,47170
SQUIRES RD,41950
ST ANDREWS WY (E OF WOODBINE WY),41140
ST ANDREWS WY (S OF WOODBINE WY),41150
STADSVOLD RD,35210
STANDARD RD,89350
STARFISH LN,23513
STARRY RD,53690
STEIN RD,32610
STELLER CT,46350
STICKNEY ISLAND RD,61330
STORR RD,21250
STRAKA RD,88290
STRAND RD,89400
STRAWBERRY POINT RD,46610
STUART CR (SALT SPRING),14812
SUCIA DR,14750
SUCIA WY,8420
SUMAS RD,67610
SUMMERLAND RD,41940
SUMMIT PL (GLENHAVEN),43035
SUNNYBROOK LN,46620
SUNRISE COVE RD,11030
SUNRISE DR,8910
SUNRISE RD (E OFF NUGENT RD),11000
SUNRISE RD (N OFF BIRCH BAY LYNDEN),35550
SUNRISE WY,25470
SUNSET AV (E OFF PACIFIC HWY),73140
SUNSET DR,23810
SUNSET ST,25520
SUNSET WY (W OFF HAXTON WY),13830
SUSAN CT,45500
SUTTON DR (E OFF MECKLEM),59340
SUTTON DR (S OFF ROEDER LN),59330
SWANSON RD,63590
SWEET RD,35200
TAFT DR,11750
TALL CEDARS LN,30770
TAMARACK RD,46503
TARTE RD,23780
LASALLE AV,46120
LATEENER LN,23120
LATTIMORE RD,76680
LAUREL PL (PARADISE LKS),88950
LAUREL RD E,50160
LAUREL RD W,70160
LAUREL SHAW CT (LAUREL GROVE),76225
LAWRENCE RD,65810
LAY RD,89010
LEE LN,34580
LEE WY,55760
LEESIDE DR,23750
LEEWARD PL (GEORGIA MANOR),12950
LEEWARD WY (GEORGIA MANOR),12940
LEGOE BAY PL (OFF GRANGER WY),11420
LEGOE BAY RD,11090
LEIBRANT RD,66490
LENA RD,12460
LENHART RD,68170
LEVITT ST (TWEED TWENTY),46516
LEWIS AV,46141
LIGHTHOUSE DR,23511
LILAC LN (PARADISE LKS),88780
LILLIAN WY,25230
LIMERICK AVE,9830
LIMERICK WY (PARADISE LKS),88900
LIMESTONE RD,88400
LINCOLN RD,26190
LINCOLN RD (W OF BLAINE RD),26220
LIND RD,89520
LIND RD (S OF SR Q),65000
LINDEN CT (PARADISE LKS),88830
LINDQUIST RD,47150
LINDSAY RD,63260
LINE RD,61490
LINGBLOOM RD,73480
LINNELL RD,89810
LITTLE BIG HORN (PARADISE LKS),88110
LOCUST AV,71030
LONGDIN RD (LAUREL GROVE),76221
LONI LN (PARADISE PARK),76216
LONSETH RD (W OF KICKERVILLE),22042
LOOMIS TRAIL RD (E OF BLAINE RD),26501
LOOMIS TRAIL RD (E OF STEIN RD),26502
LOPEZ DR (SANDY PT HTS),15727
LOPEZ WY,8540
LORA LN,23640
LOWE AV,45590
LOWELL AV,45450
LUMMI SHORE CONNECTOR,16030
LUMMI SHORE DR (N OF CAGEY RD),12760
LUMMI SHORE RD,12770
LUMMI VIEW DR,12780
LUMMI WY,8460
LUNDE RD,56850
LYN CT,31200
LYNBROOK CT,31330
LYNCH ST,88660
LYN-DALE DR,31410
LYNNWOOD DR (S OF BERTRAND),33250
LYNWOOD DR (S OF PARKWOOD WY),31370
ALDERGROVE RD,22130
ALDRICH RD,73750
AUSTIN ST,46020
YEW ST,40830
MACAULAY RD,68710
MACK RD,65940
MACKENZIE RD,12810
MADRONA PL,8890
MAGRATH RD (TWEED TWENTY),46512
MAHONIA DR,40780
MAHONIA PL N,40770
MAHONIA PL S,40760
MAIN ST (CUSTER),24080
MALACHITE DR (EMERALD LK),46712
MALENG RD,89040
MANITOBA WY,9550
MANLEY RD,41570
MANLEY RD,41910
MANOR LN,40870
MANTHEY RD,73950
MAPLE AV,8570
MAPLE CREST AV,25370
MAPLE LN,15260
MAPLE LN (GENEVA),45930
MAPLE PL (GLENHAVEN),43025
MAPLE ST,9910
MAPLE ST,25400
MAPLE WY,22180
MAPLEWOOD AV W (N OF BENNETT),71060
MAPLEWOOD AV W (N OF CITY LIMITS),71570
MARALEE LN,73020
MARIE CT,46505
MARIETTA AV,72640
MARINA DR,8250
MARINE DR,12790
MARINE DR (PT ROBERTS),8210
MARINE WY,70670
MARIOTTA RD,68550
MARK RD,9080
MARKEL RD,89580
MARKET RD (N OF E SMITH RD),55911
MARKET RD (S OF E AXTON RD),55912
MARKWORTH RD,35680
MARSH RD,8853
MARSHALL HILL RD,89260
MARTIN RD,56340
MASSEY RD,65700
MASSEY WY,9440
MATIA DR (SALT SPRING),14814
MATIA WY,8390
MATZ RD,30600
MAY RD,63830
MAYFAIR PL,26205
MAYNE LN (SALT SPRING),14813
MC ALPINE RD,71180
MCGEE RD,32240
MCKENZIE WY (E OF DELANO WY),9402
MCKENZIE WY (E OF WINSTON DR),9401
MCLAREN RD,8770
MCLEOD RD (E OF HOLLYWOOD),71420
MCLEOD RD (W OF BRITTON RD),46500
MEADOW AV,8280
MEADOW LN,9850
MEADOWLARK RD,58750
MECKLEM RD,59350
MEDCALF RD,56490
MEGAN LN,46820
MELCHER AV,11660
MEREDITH RD,88790
MERLE PL,24830
MERTZ RD,55950
MILL RD,9110
MILLER WAY (GLACIER SPRINGS),85012
MILTON ST,45950
MINAKER RD,67340
MISSION RD (N OF SMITH RD),55752
MISSION RD (N OF SR 542),55751
MITCHELL RD,68850
MONTE DR,9690
MOONGLOW CT,26203
MOONGLOW PL,26202
MOONLIGHT WY,25390
MOOSE TRAIL,8710
MORESBY WY (SANDY PT HTS),15724
MORGAN DR,24680
MORGAN RD,67430
MORGAN ST,45980
MORNINGSIDE DR,26201
MORRIS RD,35260
MORRISON AV (S OF BIRCH BAY DR),23670
MOSEY CT,88270
MOSQUITO LK RD Ce,84190
MOUNTAIN VIEW RD,21040
MOUNTVUE WY,25450
MURRAY RD,55830
MUSIC PL (PARADISE LKS),88650
NPRD,88600
NAUTICAL CT,23512
NAVAJO PL (PARADISE LKS),88090
NEEVEL RD,76310
NELSON RD,9730
NELSON RD (E OF SR 9),89570
NEMO CT,23522
NEPTUNE CR,14930
NEWKIRK RD,30340
NIELSEN RD,73270
NIGEL RD,46530
NIGHTINGALE CT,26120
NIMS RD,68250
NOLTE RD,59400
NOOKSACK RD,63440
NOON RD,55550
NORDUM RD,67010
NORTH FORK RD,89510
NORTH PASS RD,66930
NORTH RED RIVER RD,16300
NORTH SHORE RD,47051
NORTH SHORE RD,47052
NORTH STAR RD,21110
NORTHGATE RD (GEORGIA MANOR),12880
NORTHWAY DR,61840
NORTHWEST DR,74050
NORTHWOOD CT (TWEED TWENTY),46581
NORTHWOOD DR,9330
NORTHWOOD RD,61630
NOTTER RD,61170
NUGENT RD,11070
NULLE RD,41830
OAK CT (PARADISE LKS),88920
OAK PL (GLENHAVEN),43026
OAKRIDGE DR (HARBORVIEW),26182
OAT COLES RD,65870
OCEAN COVE LN,22470
OCEAN MIST DR,22460
OCEAN MIST LOOP,22480
OCEAN VIEW CT,8240
OCEANS RD,65780
OERTEL DR,25070
OLD GUIDE RD,76370
OLD MARINE DR,70680
OLD SAMISH RD,44010
OLIVE RD,89480
OLIVE WY (PARADISE LKS),88350
OLIVIA CT,46504
OLSEN DR (GLACIER SPRINGS),85015
OLSON DR,8660
OLSON RD,20930
OLYMPIC DR,15250
OLYMPIC WY,70240
ONTARIO WY,9630
OPAL TERRACE,47120
ORCAS WY,8500
ORCAS WY (SANDY PT HTS),15719
ORCHARD DR (DEER CREEK),73415
OREGON TRAIL (PARADISE LKS),88030
ORIENTAL AV,45510
OSGOOD RD,65180
OUTRIGGER LOOP,23518
OVERLAND TRL (PARADISE LKS),88190
OWENS CT,71380
OYSTER CT,23524
PACIFIC HWY (N OF BAKERVIEW),71892
PACIFIC HWY (N OF NULLE RD),41891
PACIFIC ST,8960
PANGBORN RD,60960
PANORAMA DR,8880
PARADISE COVE (PARADISE PARK),76214
PARADISE CT (PARADISE PARK),76219
PARADISE DR (PARADISE PARK),76212
PARADISE RD,76211
PARADISE VLY RD,68070
PARADISE WY (PARADISE PARK),76213
PARK DR,9350
PARK LN,25710
PARK RD,44140
PARK ST (PARADISE PARK),76218
PARKLAND DR,23570
PARKLYN CT,31290
PARKLYN WY,31300
PARKSTONE CT N,46080
PARKSTONE CT S,46090
PARKSTONE LN,46060
PARKSTONE WY,46070
PARKWOOD WY,31360
PATOS DR (SALT SPRING),14816
PATOS WY,8380
PATRICK CT,46507
PATTON RD,55650
PAULS RD,8630
PEAK DR (GLENHAVEN),43037
PEBBLE BEACH TRL (EMERALD LK),46716
PECAN CT (DEER CREEK),73417
PELTIER DR,8740
PEMBERTON PL,22360
PENCE AV,72360
PENDER DR (SANDY PT HTS),15718
PERCIE RD,26370
PERIWINKLE LN,9820
PETTICOTE DR,22160
PETTICOTE LN,22190
PHEASANT DR,25340
PIEDMONT PL,45630
PINCHER CT (TWEED TWENTY),46583
PINCHER ST (TWEED TWENTY),46515
PINE DR,23590
PINE LN (GLENHAVEN),43044
PINE PL (PARADISE LKS),89910
PINEY LN,23600
PIPELINE RD,34300
PIPER RD,76620
PLEASANT BAY RD,40250
POINT WHITEHORN RD,22120
POLE RD E,56880
POLE RD W,75380
POLINDER RD,59170
POLLMAN CIRCLE,76630
POLLMAN CRCL (OLD GUIDE RD ENTRANCE),76641
POLLMAN CRCL (POLE RD ENTRANCE),76640
PONY EXPRESS WY (PARADISE LKS),88200
PONY PL (PARADISE LKS),88230
POPPY CT (PARADISE LKS),88550
POPPY LN (PARADISE LKS),88530
PORTAL WY,30410
POSTAL AV,12410
POTTER RD,89800
PREVOST WY (SANDY PT HTS),15723
PROVINCE RD,9380
PUFFIN RD (SALT SPRING),14815
PUTNAM RD,68510
PYRAMID LN,76730
QUEBEC WY,9590
RAILROAD AV,88750
RAINBOW DR (GLENHAVEN),43029
RAINBOW RD,21030
RALEIGH DR,9800
RASPBERRY DR,58910
RATHBONE RD,31340
RAYHORST RD,17000
RD #08860 (N OF CEDAR PARK DR N),8860
RD #08940 (E OFF JONNA DR),8940
RD #08970 (E OFF JONNA DR),8970
RD #08990 (N OFF REX ST),8990
RD #09050 (N OFF REX ST),9050
RD #09060 (S OFF REX ST),9060
RD #09200 (W OFF GREENWOOD DR),9200
RD #88500 (NE OFF AZURE WY),88500
RD #88590 (S OFF AZURE WY),88590
RD #88640 (W OFF GOLDEN VALLEY DR),88640
RD #88690 (SE OFF LILAC LN),88690
RD #88720 (S OFF CIMARRON WY),88720
RD #88740 (SE OFF SHAMROCK RD),88740
RD #88760 (W OFF BLUEBELL CT),88760
RD #88880 (E OFF SHAMROCK RD),88880
RD #88970 (N OFF SAXON RD),88970
RD #89000 (S OFF BELLWOOD DR),89000
RD #89820 (N OF POTTER RD),89820
RD #89870 (NE OFF CORNELL CREEK RD),89870
REDWOOD AV,71280
REED WY (GLENHAVEN),43023
REESE HILL RD,88280
REGINA WY,9430
REVEILLE ST,40940
REX ST,9040
RICHARD WY,25330
RICHMOND CRESCENT,25420
RICHMOND PARK RD,25421
RIDGEVIEW DR (GLENHAVEN),43021
RIDGEWAY PL (GLENHAVEN),43013
RIDGEWOOD AV,45540
RITTER RD,76970
RIVER RD,31420
ROBBY CT (TWEED TWENTY),46519
ROBERTS RD,56210
ROBERTSON RD,13990
ROBINS PLACE,58920
ROB-LEE DR,23760
ROCK CRAB DR,23525
ROCK RD,67920
ROEDER LN,59320
ROGER RD (N OFF PORTAL WY),26570
ROGER RD (S OFF HOIER),34390
ROMA CT,46550
ROMA RD,46506
RONALD DR,34590
ROOSEVELT WY,8200
ROSS RD,8790
ROSS RD (W OFF BAKERVIEW E),55220
ROTHENBUHLER RD,89080
ROY RD,41400
ROYER ST,88630
RUBY PL (EMERALD Lk),46719
RURAL AV,72350
RUSSEL RD (GLACIER SPRINGS),85017
RUSTON WY,46250
RUTH RD,12600
RUTSATZ RD,89902
RUTSATZ RD (N OFF SR 9),89901
SAANICH AV (SANDY PT HTS),15721
SAGEBRUSH LN,26110
SALAKANUM WY,56050
SALTSPRING DR (SALT SPRING),14811
SAMISH WAY,44060
SAND RD,45890
SANDCASTLE DR,23516
SANDERS CT,9810
SANDY CIRCLE,70870
SANTA FE TRAIL (PARADISE LKS),88121
SANTA FE TRAIL (PARADISE LKS),88122
SAPPHIRE TRL (EMERALD LK),46718
SARA CT,46480
SATURNA PL,8680
SATURNA PL E,8690
SAXON RD,88980
SCENIC AV (LUMMI ISLAND),10350
SCENIC AV (S OFF LAKEWAY DR),45430
SCENIC PL,10330
SCHOOL ST,88700
SCHORNBUSH RD,89840
SCHULTZ DR,76550
SCOTT PL (GLACIER SPRINGS),85019
SCOTT RD,14400
SCUTVICK RD,68700
SEACREST DR,10950
SEAFAIR CT (HARBORVIEW),26183
SEAFAIR DR (HARBORVIEW),26181
SEAFAIR DR (HARBORVIEW),26188
SEALUND RD,66530
SEASHELL WY,23514
SEAVIEW CIRCLE DR,71110
SEAVIEW DR (BIRCH BAY AREA),25510
SEAVUE RD,25300
SECOND ST (MAPLE FALLS),89770
SELDER RD,25200
SEMIAHMOO DR,20250
SEYMOUR PL,9370
SHADY GLEN AVE,9170
SHADY LN,72510
SHALLOW SHORE RD,41610
SHAMROCK RD (PARADISE LKS),88730
SHANER LN (PARADISE PARK),76215
SHAW CRESCENT,2040
SHAW CT (SANDY PT HTS),15716
SHAW CT (SE OFF N RED RIVER),15717
SHAW RD (LAUREL GROVE),76223
SHERMAN ST,69060
SHINTAFFER CONNECTOR,26350
SHINTAFFER RD,26310
SHIPYARD RD,26880
SHORE LN,15300
SHOREWOOD LN (KEL BAY),13320
SHORT WY (GLENHAVEN),43039
SILVER LAKE RD,86040
SILVER LN,71160
SILVER OAK CT,46870
SILVER SPRUCE WY (PARADISE LKS),88870
SILVERADO CT E,53720
SILVERADO CT W,53710
SILVERADO DR,53700
SILVES CT,56020
SIMUNDSON RD,8170
SINCLAIR DR (SANDY PT HTS),15726
SIPER RD,65410
SKAGIT ST,72460
SKYLINE DR,34560
SKYVUE RD,25240
SLATER RD,14760
SLOTEMAKER RD,61430
TELEGRAPH RD N,66610
TELLER RD,8930
TELSTAR RD,23910
TEN MILE RD,56420
TERRACE AV (N OFF HARBORVIEW DR),34720
TERRACE AV N,44200
TERRACE RD,8490
TERRACE ST (S OFF WILLEYS LK RD),31430
TERRILL DR,23770
THETIS WY (SALT SPRING),14800
THIEL RD,59110
THOMPSON RD (GLENHAVEN),43011
THORNTON RD,21560
TILBURY RD,87050
TIMBERLAKE CT,40805
TIMBERLAKE WY,40800
TIMON RD,61620
TIMOTHY CT,46502
TOAD LK RD,46610
TOM RD,63180
TOPAZ CT,47110
TORONTO WY,9410
TORY TRAIL (PARADISE LKS),88100
TRACK ST,46290
TRACY PL,26210
TRAILS END RD,32710
TRAPLINE RD,63010
TREEVUE RD,25220
TRIGG RD,30540
TROUT LK DR,73890
TROUT PL (GLENHAVEN),43014
TRUCK RD,89370
TURKINGTON RD,89200
TUTTLE LN,11370
TWEEDSMUIR CT (TWEED TWENTY),46533
TWILIGHT PL,26204
TWIN LAKES DR,73840
TYEE DR,8620
ULRICH RD,20660
UNICK RD,20860
VAIL DR,76670
VALLEY CT (PARADISE LKS),88890
VALLEY VIEW RD (N OFF BIRCH BAY LYNDEN),23892
VALLEY VIEW RD (N OFF GRANDVIEW RD),23891
VALLEY VIEW RD (N OFF SWEET RD),23893
VAN BUREN RD,63350
VAN DYK RD,55410
VAN HORN LN,72410
VAN WYCK RD (W OF SR 542),54562
VAUGHN AV (GLACIER),89980
VELMA RD,12680
VICTORIA WY,9450
VIEWHAVEN LN,46180
VILLA LN,71150
VINE MAPLE WY (GLENHAVEN),43022
VISSER RD,60680
VISTA CRCL,31390
VISTA DR,23510
VISTA WY,8980
W 58TH LN,73200
W BUENA (VISTA LAMONTE),58714
W DEL RAY (VISTA LAMONTE),58716
WAHL RD,55730
WAHL RD,55740
WALDRON DR (SANDY PT HTS),15711
WALDRON PL,8720
WALDRON PL (SANDY PT HTS),15714
WALDRON PL E,8700
WALDRON RD,72720
WALL ST,45920
WALLTINE RD (E OFF LK TERRELL RD),20261
WALLTINE RD (W OFF ELDER RD),20262
WASCHKE RD (N OFF NORTHWEST),73591
WASCHKE RD (N OFF W SMITH RD),73592
WASHINGTON DR,9140
WATER ST,69130
WATERS RD (OFF CRYSTAL BEACH RD),8761
WATERS RD (OFF SOUTH BEACH RD),8760
WATERVUE WY,25430
WAYSIDE CT,46270
WEASEL RUN,8730
WEIDKAMP RD,3591
WELLING CT (TWEED TWENTY),46584
WELLING RD (TWEED TWENTY),46529
WELLINGTON DR,9780
WEST RD,26690
WEST SHORE DR,11080
WHALEN DR,9230
WHITE RD,32010
WHITECAP RD,40400
WHITEHORN WY,22350
WHITNEY ST,45780
WICKERSHAM RD,88840
WICKLOW PL,9240
WILDWOOD DR (GLENHAVEN),43038
WILLEYS LK RD (E OFF ENTERPRISE RD N),31162
WILLEYS LK RD (E OFF ZELL RD),31161
WILLIAMS RD,8780
WILLIAMS RD (W OFF DEMING RD),69070
WILLOW DR,23720
WILLOW PL (PARADISE LKS),87840
WILLOW SPRINGS WY,73690
WILLOW WOOD AV,71350
WILLOW WY,25480
WILLOWBROOK LN,45480
WILLOWBROOK PL,45470
WINBLASS LN,23150
WINDSOR DR,9070
WINSTON DR,9390
WISER LK RD E,55210
WISER LK RD W,75210
WISER LN,58870
WOODBINE PL,41110
WOODBINE WY,41120
WOODFERN WY,56060
WOODLAKE RD,46830
WOODLAND RD,31250
WOODLYN RD,76910
WOODSHIRE RD,89750
WOOLDRIDGE AV,23660
WYNN RD (N OF MARIETTA AV),72630
WYNN RD (N OF MARINE DR),72270